"","MCC","F1 score","accuracy","TP rate","TN rate","PR AUC","ROC AUC"
"median",0.382973569873153,0.807660693736643,0.745762711864407,0.825,0.526315789473684,0.517734767448247,0.6875
"mean",0.379618300068831,0.807976132732019,0.734237288135593,0.8295,0.533684210526316,0.513774561161255,0.681592105263158
