"","MCC","F1 score","accuracy","TP rate","TN rate","PR AUC","ROC AUC"
"median",0.342612822738627,0.82952776336274,0.745762711864407,0.903993855606759,0.388888888888889,0.506569330566577,0.647164786967419
"mean",0.343527271056484,0.821309648816435,0.736101694915254,0.898709733864787,0.391402495056331,0.499758800235558,0.645056114460559
