"","MCC","F1 score","accuracy","TP rate","TN rate","PR AUC","ROC AUC"
"median",0.596305293889386,0.875,0.830508474576271,0.902439024390244,0.65,0.670153729761661,0.782790607161391
"mean",0.589365720748012,0.872932657268774,0.823728813559322,0.906859347117878,0.653598231412924,0.66620043761675,0.780228789265401
