"","MCC","F1 score","accuracy","TP rate","TN rate","PR AUC","ROC AUC"
"median",0.342723544632408,0.818181818181818,0.728813559322034,0.875,0.424812030075188,0.497231629491829,0.654668304668305
"mean",0.340549549303653,0.811557367062152,0.726779661016949,0.877335756430388,0.428004111322936,0.500795260941548,0.652669933876662
