"","MCC","F1 score","accuracy","TP rate","TN rate","PR AUC","ROC AUC"
"median",0.63075099416392,0.888888888888889,0.847457627118644,0.925,0.685855263157895,0.699621975033801,0.796785354977296
"mean",0.631493315919907,0.888934682256156,0.844237288135593,0.918553761182413,0.685652507917069,0.689192764481679,0.802103134549741
