"","MCC","F1 score","accuracy","TP rate","TN rate","PR AUC","ROC AUC"
"median",0.354898644666427,0.813953488372093,0.728813559322034,0.8625,0.473684210526316,0.495414816694667,0.661842105263158
"mean",0.369713233544661,0.815530779189182,0.73728813559322,0.85875,0.481578947368421,0.51447258658585,0.670164473684211
