"","MCC","F1 score","accuracy","TP rate","TN rate","PR AUC","ROC AUC"
"median",0.389245222513341,0.819277108433735,0.745762711864407,0.8625,0.526315789473684,0.520546945586515,0.685526315789474
"mean",0.398265152690812,0.819030864684416,0.745593220338983,0.85325,0.518947368421053,0.529874022447766,0.686098684210526
