"","MCC","F1 score","accuracy","TP rate","TN rate","PR AUC","ROC AUC"
"median",0.287574137130341,0.8,0.711864406779661,0.837837837837838,0.421052631578947,0.463590977765636,0.636507936507936
"mean",0.290635528836342,0.794053790293717,0.705762711864407,0.840146255894601,0.427717005001475,0.463665577542271,0.633931630448038
