"","MCC","F1 score","accuracy","TP rate","TN rate","PR AUC","ROC AUC"
"median",0.354722860338165,0.809825195901145,0.728813559322034,0.864864864864865,0.460606060606061,0.513427683595567,0.662570810971974
"mean",0.364185331800887,0.809987234422468,0.732542372881356,0.859183455260773,0.47519741687733,0.513721972297876,0.667190436069052
