"","MCC","F1 score","accuracy","TP rate","TN rate","PR AUC","ROC AUC"
"median",0.435236239513949,0.826836581709145,0.745762711864407,0.85,0.55,0.551398674247582,0.706219806763285
"mean",0.421428272126036,0.822546199794672,0.753220338983051,0.853531258708977,0.548354278570176,0.544188486157776,0.700942768639576
